text,true,pred,length
"in his first stab at the form , jacquot takes a slightly anarchic approach that works only sporadically .",2,3,17
one long string of cliches .,1,0,5
"if you 've ever entertained the notion of doing what the title of this film implies , what sex with strangers actually shows may put you off the idea forever .",1,0,29
k-19 exploits our substantial collective fear of nuclear holocaust to generate cheap hollywood tension .,0,2,14
"it 's played in the most straight-faced fashion , with little humor to lighten things up .",1,3,15
"there is a fabric of complex ideas here , and feelings that profoundly deepen them .",3,4,14
"it may seem long at 110 minutes if you 're not a fan , because it includes segments of 12 songs at a reunion concert .",2,1,24
"while the stoically delivered hokum of hart 's war is never fun , it 's still a worthy addition to the growing canon of post-saving private ryan tributes to the greatest generation .",2,3,31
it all feels like a monty python sketch gone horribly wrong .,0,1,11
it 's a stunning lyrical work of considerable force and truth .,3,4,11
exists then as an occasionally insightful acting exercise .,2,3,8
"however it may please those who love movies that blare with pop songs , young science fiction fans will stomp away in disgust .",1,4,22
a mess when it comes to the characters and writing ... but works its way underneath the skin like few movies have in recent memory .,2,0,25
"although german cooking does not come readily to mind when considering the world 's best cuisine , mostly martha could make deutchland a popular destination for hungry tourists .",3,4,27
` they ' begins and ends with scenes so terrifying i 'm still stunned .,2,1,12
"a perplexing example of promise unfulfilled , despite many charming moments .",2,3,10
smith is careful not to make fun of these curious owners of architectural oddities .,2,4,14
"all the amped-up tony hawk-style stunts and thrashing rap-metal ca n't disguise the fact that , really , we 've been here , done that .",1,0,22
"there ought to be a directing license , so that ed burns can have his revoked .",0,1,15
"on this tricky topic , tadpole is very much a step in the right direction , with its blend of frankness , civility and compassion .",4,3,22
"the jabs it employs are short , carefully placed and dead-center .",3,2,10
"despite its title , punch-drunk love is never heavy-handed .",3,2,8
at once half-baked and overheated .,1,3,5
"this is a shameless sham , calculated to cash in on the popularity of its stars .",0,1,15
"... a good , if not entirely fresh , look at war .",2,3,10
"jason x is positively anti-darwinian : nine sequels and 400 years later , the teens are none the wiser and jason still kills on auto-pilot .",1,0,23
people cinema at its finest .,4,3,5
"if you believe any of this , i can make you a real deal on leftover enron stock that will double in value a week from friday .",1,3,26
candid and comfortable ; a film that deftly balances action and reflection as it lets you grasp and feel the passion others have for their work .,4,3,25
"its maker , steven spielberg , has n't had so much fun in two decades , since he was schlepping indiana jones around the globe in search of a giant misplaced ashtray .",2,3,29
it offers little beyond the momentary joys of pretty and weightless intellectual entertainment .,1,3,13
coughs and sputters on its own postmodern conceit .,1,2,8
lovely and poignant .,4,3,3
"at times , the suspense is palpable , but by the end there 's a sense that the crux of the mystery hinges on a technicality that strains credulity and leaves the viewer haunted by the waste of potential .",1,0,37
... a boring parade of talking heads and technical gibberish that will do little to advance the linux cause .,1,2,19
"paid in full is so stale , in fact , that its most vibrant scene is one that uses clips from brian de palma 's scarface .",0,1,24
"visually imaginative , thematically instructive and thoroughly delightful , it takes us on a roller-coaster ride from innocence to experience without even a hint of that typical kiddie-flick sentimentality .",4,3,27
exactly what it claims to be -- a simple diversion for the kids .,2,3,13
directed in a paint-by-numbers manner .,1,2,5
"the movie is dawn of the dead crossed with john carpenter 's ghosts of mars , with zombies not as ghoulish as the first and trains not as big as the second .",1,2,31
"i have no way of knowing exactly how much is exaggeration , but i 've got a creepy feeling that the film is closer to the mark than i want to believe .",2,3,31
"despite all evidence to the contrary , this clunker has somehow managed to pose as an actual feature movie , the kind that charges full admission and gets hyped on tv and purports to amuse small children and ostensible adults .",1,3,38
huppert 's superbly controlled display of murderous vulnerability ensures that malice has a very human face .,2,4,16
so unremittingly awful that labeling it a dog probably constitutes cruelty to canines .,0,1,13
"the longer the movie goes , the worse it gets , but it 's actually pretty good in the first few minutes .",1,3,20
-lrb- majidi -rrb- makes us think twice about immigrants we see around us every day .,2,4,15
it 's a bit disappointing that it only manages to be decent instead of dead brilliant .,1,3,16
that 's a cheat .,1,2,4
"the title not only describes its main characters , but the lazy people behind the camera as well .",1,0,17
i do n't think i laughed out loud once .,0,1,9
may reawaken discussion of the kennedy assassination but this fictional film looks made for cable rather than for the big screen .,1,2,21
i am sorry that i was unable to get the full brunt of the comedy .,1,3,15
... think of it as american pie on valium .,2,1,9
"the film takes the materials of human tragedy and dresses them in lovely costumes , southern california locations and star power .",2,3,20
this directorial debut from music video show-off higuchinsky is all flash .,2,4,11
here 's yet another studio horror franchise mucking up its storyline with glitches casual fans could correct in their sleep .,0,1,20
"for anyone unfamiliar with pentacostal practices in general and theatrical phenomenon of hell houses in particular , it 's an eye-opener .",3,2,20
if steven soderbergh 's ` solaris ' is a failure it is a glorious failure .,4,1,13
new best friend 's playboy-mansion presentation of college life is laugh-out-loud ludicrous .,2,1,12
there 's a wickedly subversive bent to the best parts of birthday girl .,3,4,13
"the director knows how to apply textural gloss , but his portrait of sex-as-war is strictly sitcom .",1,2,16
"makes for some truly odd , at times confusing , kids entertainment ... but at least this time there 's some centered storytelling to go along with all the weird stuff .",2,1,29
"apart from dazzling cinematography , we 've seen just about everything in blue crush in one form or the other .",2,4,19
"this film seems thirsty for reflection , itself taking on adolescent qualities .",1,3,11
this disturbing bio-pic is hard to forget .,2,1,7
"from the opening scenes , it 's clear that all about the benjamins is a totally formulaic movie .",1,3,17
`` the time machine '' is a movie that has no interest in itself .,0,2,14
"unfortunately , it appears that -lrb- jackie -rrb- chan 's us influence is starting to show in his hong kong films .",2,1,20
"something akin to a japanese alice through the looking glass , except that it seems to take itself far more seriously .",3,1,20
"ultimately feels empty and unsatisfying , like swallowing a communion wafer without the wine .",0,1,13
the moviegoing equivalent of going to a dinner party and being forced to watch the host and hostess 's home video of their baby 's birth .,0,3,26
a coarse and stupid gross-out .,1,0,5
cool ?,3,2,2
the film tunes into a grief that could lead a man across centuries .,3,4,13
a string of rehashed sight gags based in insipid vulgarity .,1,2,10
it appears that something has been lost in the translation to the screen .,1,0,13
"as ` chick flicks ' go , this one is pretty miserable , resorting to string-pulling rather than legitimate character development and intelligent plotting .",0,2,20
uses high comedy to evoke surprising poignance .,4,2,7
"the movie is what happens when you blow up small potatoes to 10 times their natural size , and it ai n't pretty .",0,2,22
like being trapped at a perpetual frat party ... how can something so gross be so boring ?,0,1,18
"by the miserable standards to which the slasher genre has sunk , ... actually pretty good .",2,3,15
"seldahl 's barbara is a precise and moving portrait of someone whose world is turned upside down , first by passion and then by illness .",3,4,24
filmmakers who can deftly change moods are treasures and even marvels .,4,3,11
"it 's a scattershot affair , but when it hits its mark it 's brilliant .",3,2,14
"it kinda works and qualifies as cool at times , but is just too lame to work or be cool at others .",2,3,21
"open-minded kids -- kids who read , kids who dream -- will be comforted by the way it deals with big issues like death and destiny .",2,3,25
better to just call it abc kiarostami .,2,1,7
"just as moving , uplifting and funny as ever .",3,4,8
this movie is maddening .,1,0,4
not since freddy got fingered has a major release been so painful to sit through .,0,1,15
"not only is undercover brother as funny , if not more so , than both austin powers films , but it 's also one of the smarter , savvier spoofs to come along in some time .",4,3,32
more concerned with sade 's ideas than with his actions .,2,1,10
allows us to hope that nolan is poised to embark a major career as a commercial yet inventive filmmaker .,3,4,19
"an occasionally funny , but overall limp , fish-out-of-water story .",1,2,8
but it could have been worse .,1,3,6
a wildly inconsistent emotional experience .,1,4,5
"it 's as if you 're watching a movie that was made in 1978 but not released then because it was so weak , and it has been unearthed and released now , when it has become even weaker .",0,1,37
"we root for -lrb- clara and paul -rrb- , even like them , though perhaps it 's an emotion closer to pity .",3,2,20
if you dig on david mamet 's mind tricks ... rent this movie and enjoy !,4,3,16
"you wo n't like roger , but you will quickly recognize him .",1,2,11
"half submarine flick , half ghost story , all in one criminally neglected film",2,1,12
my wife is an actress is an utterly charming french comedy that feels so american in sensibility and style it 's virtually its own hollywood remake .,4,0,26
"an overemphatic , would-be wacky , ultimately tedious sex farce .",1,0,8
the kind of spectacularly misconceived enterprise that only a sophisticated cinephile could have perpetrated .,2,4,14
"feels haphazard , as if the writers mistakenly thought they could achieve an air of frantic spontaneity by simply tossing in lots of characters doing silly stuff and stirring the pot .",0,1,30
an unwise amalgam of broadcast news and vibes .,1,2,8
a bloated gasbag thesis grotesquely impressed by its own gargantuan aura of self-importance ...,0,2,14
"not the kind of film that will appeal to a mainstream american audience , but there is a certain charm about the film that makes it a suitable entry into the fest circuit .",4,3,32
"a full world has been presented onscreen , not some series of carefully structured plot points building to a pat resolution .",3,1,20
fancy a real downer ?,1,2,5
a painfully funny ode to bad behavior .,3,1,7
"featuring a dangerously seductive performance from the great daniel auteuil , `` sade '' covers the same period as kaufmann 's `` quills '' with more unsettlingly realistic results .",4,3,28
has all the depth of a wading pool .,0,1,8
a deep and meaningful film .,4,3,5
"sit through this one , and you wo n't need a magic watch to stop time ; your dvd player will do it for you .",1,0,23
holden caulfield did it better .,1,2,5
"... brian de palma is utterly mad : cinema mad , set-piece mad , style mad .",2,1,13
nothing more substantial than a fitfully clever doodle .,2,1,8
while much of the cast has charm -- especially allodi and nolden -- the performers are sunk by the film 's primitive approach to the mechanics of comedy .,2,3,28
there is no pleasure in watching a child suffer .,0,3,9
"-lrb- t -rrb- here 's only so much anyone can do with a florid , overplotted , anne rice rock 'n' roll vampire novel before the built-in silliness of the whole affair defeats them .",0,1,32
"if the movie succeeds in instilling a wary sense of ` there but for the grace of god , ' it is far too self-conscious to draw you deeply into its world .",1,2,29
"the inspirational screenplay by mike rich covers a lot of ground , perhaps too much , but ties things together , neatly , by the end .",3,2,22
affleck and jackson are good sparring partners .,3,4,7
what the director ca n't do is make either of val kilmer 's two personas interesting or worth caring about .,1,2,20
my big fat greek wedding uses stereotypes in a delightful blend of sweet romance and lovingly dished out humor .,4,3,19
"whaley 's determination to immerse you in sheer , unrelenting wretchedness is exhausting .",0,3,12
moretti 's compelling anatomy of grief and the difficult process of adapting to loss .,1,3,14
"an artful , intelligent film that stays within the confines of a well-established genre .",4,3,13
makes for a pretty unpleasant viewing experience .,0,2,7
"pretension , in its own way , is a form of bravery .",2,3,10
travels a fascinating arc from hope and euphoria to reality and disillusionment .,3,4,12
like the chelsea 's denizens ... burdette 's collage-form scenario tends to over-romanticize the spiritual desolation of the struggling artiste .,2,1,20
"altogether , this is successful as a film , while at the same time being a most touching reconsideration of the familiar masterpiece .",4,3,21
the story and structure are well-honed .,3,1,6
"it will not appeal to the impatient , but those who like long books and movies will admire the way it accumulates power and depth .",2,3,24
has a lot of the virtues of eastwood at his best .,3,2,11
do n't be fooled by the impressive cast list - eye see you is pure junk .,0,4,15
"due to some script weaknesses and the casting of the director 's brother , the film trails off into inconsequentiality .",1,3,19
richard gere and diane lane put in fine performances as does french actor oliver martinez .,3,4,15
this movie is a snow emergency .,2,0,6
griffiths proves she 's that rare luminary who continually raises the standard of her profession .,4,3,15
"christina ricci comedy about sympathy , hypocrisy and love is a misfire .",2,4,11
"an entertaining , colorful , action-filled crime story with an intimate heart .",3,4,10
"while the script starts promisingly , it loses steam towards the middle and never really develops beyond attacking obvious target .",2,1,19
it 's a scathing portrayal .,2,3,5
the movie achieves as great an impact by keeping these thoughts hidden as ... -lrb- quills -rrb- did by showing them .,3,1,21
the film 's welcome breeziness and some unbelievably hilarious moments -- most portraying the idiocy of the film industry -- make it mostly worth the trip .,4,3,26
"it takes a strange kind of laziness to waste the talents of robert forster , anne meara , eugene levy , and reginald veljohnson all in the same movie .",0,4,26
historical dramas fused with love triangle is a well worn conceit .,2,4,11
a rarity among recent iranian films : it 's a comedy full of gentle humor that chides the absurdity of its protagonist 's plight .,4,3,23
"while there 's something intrinsically funny about sir anthony hopkins saying ` get in the car , bitch , ' this jerry bruckheimer production has little else to offer",3,1,25
if your taste runs to ` difficult ' films you absolutely ca n't miss it .,3,2,13
the film 's tone and pacing are off almost from the get-go .,1,2,12
two hours fly by -- opera 's a pleasure when you do n't have to endure intermissions -- and even a novice to the form comes away exhilarated .,4,2,28
hit and miss as far as the comedy goes and a big ole ' miss in the way of story .,1,3,19
"mcconaughey 's fun to watch , the dragons are okay , not much fire in the script .",3,2,15
"its story may be a thousand years old , but why did it have to seem like it took another thousand to tell it to us ?",1,2,26
the best film about baseball to hit theaters since field of dreams .,4,3,12
"there are simply too many ideas floating around -- part farce , part sliding doors , part pop video -- and yet failing to exploit them .",1,4,24
overall very good for what it 's trying to do .,3,1,10
sacrifices the value of its wealth of archival foot-age with its less-than-objective stance .,1,2,13
"it showcases carvey 's talent for voices , but not nearly enough and not without taxing every drop of one 's patience to get to the good stuff .",1,2,27
"escaping the studio , piccoli is warmly affecting and so is this adroitly minimalist movie .",3,0,14
sam mendes has become valedictorian at the school for soft landings and easy ways out .,1,3,15
"entertains by providing good , lively company .",3,4,6
"it 's of the quality of a lesser harrison ford movie - six days , seven nights , maybe , or that dreadful sabrina remake .",1,0,21
"there is n't nearly enough fun here , despite the presence of some appealing ingredients .",1,3,14
"even film silliness needs a little gravity , beyond good hair and humping .",2,0,12
there are plot holes big enough for shamu the killer whale to swim through .,0,2,14
"it takes a certain kind of horror movie to qualify as ` worse than expected , ' but ghost ship somehow manages to do exactly that .",0,1,23
"a smart , witty follow-up .",4,3,4
it 's not the ultimate depression-era gangster movie .,1,2,8
"for all its impressive craftsmanship , and despite an overbearing series of third-act crescendos , lily chou-chou never really builds up a head of emotional steam .",1,4,24
"without non-stop techno or the existential overtones of a kieslowski morality tale , maelstr√∂m is just another winter sleepers .",1,0,18
the film tries too hard to be funny and tries too hard to be hip .,1,0,15
"it just may inspire a few younger moviegoers to read stevenson 's book , which is a treasure in and of itself .",3,1,21
turns potentially forgettable formula into something strangely diverting .,3,2,8
"it 's also , clearly , great fun .",4,3,6
"oscar wilde 's masterpiece , the importance of being earnest , may be the best play of the 19th century .",3,4,18
it 's like watching a nightmare made flesh .,0,1,8
"forced , familiar and thoroughly condescending .",1,3,5
"it 's hard to like a film about a guy who is utterly unlikeable , and shiner , starring michael caine as an aging british boxing promoter desperate for a taste of fame and fortune , is certainly that .",1,0,36
"belongs to daniel day-lewis as much as it belongs to martin scorsese ; it 's a memorable performance in a big , brassy , disturbing , unusual and highly successful film .",4,3,27
"if the first men in black was money , the second is small change .",0,2,13
writer\/director mark romanek spotlights the underlying caste system in america .,2,4,10
viewers of `` the ring '' are more likely to remember the haunting images than the plot holes .,2,1,18
"it 's another video movie photographed like a film , with the bad lighting that 's often written off as indie film naturalism .",1,0,22
"it 's somewhat clumsy and too lethargically paced -- but its story about a mysterious creature with psychic abilities offers a solid build-up , a terrific climax , and some nice chills along the way .",1,3,33
"looking aristocratic , luminous yet careworn in jane hamilton 's exemplary costumes , rampling gives a performance that could not be improved upon . '",4,2,21
"thekids will probably stay amused at the kaleidoscope of big , colorful characters .",3,4,12
"i do n't mind having my heartstrings pulled , but do n't treat me like a fool .",1,2,16
dilbert without the right-on satiric humor .,2,3,6
"skins has a right to yawp , and we have a right to our grains of salt .",2,3,16
has a long and clunky ending ... which forces the audience to fidget through ten pseudo-serious minutes while waiting for the ending credits and the deleted scenes montage to break the audience 's awkward silence,2,0,35
"the techno tux is good for a few laughs , as are chan and hewitt , but when such a good design turns out to be a cheap knockoff , we ca n't recommend anything but a rental for the tuxedo .",2,1,38
not since tom cruise in risky business has an actor made such a strong impression in his underwear .,3,2,18
or doing last year 's taxes with your ex-wife .,1,4,9
scooby dooby doo \/ and shaggy too \/ you both look and sound great .,3,1,14
"one of those energetic surprises , an original that pleases almost everyone who sees it .",4,3,14
"even in this less-than-magic kingdom , reese rules .",2,1,7
"not only unfunny , but downright repellent .",0,1,6
"for the most part , it 's a work of incendiary genius , steering clear of knee-jerk reactions and quick solutions .",4,3,19
"comes off like a rejected abc afterschool special , freshened up by the dunce of a screenwriting 101 class .",0,1,18
this flick is about as cool and crowd-pleasing as a documentary can get .,4,1,13
"if there 's one thing this world needs less of , it 's movies about college that are written and directed by people who could n't pass an entrance exam .",0,1,29
"instead , he shows them the respect they are due .",4,2,9
"... plot holes so large and obvious a marching band might as well be stomping through them in clown clothes , playing a college football fight song on untuned instruments .",0,1,29
a quiet treasure -- a film to be savored .,4,3,9
"warm water under a red bridge is a quirky and poignant japanese film that explores the fascinating connections between women , water , nature , and sexuality .",4,3,24
"it is the sheer , selfish , wound-licking , bar-scrapping doggedness of leon 's struggle to face and transmute his demons that makes the movie a spirited and touching occasion , despite its patchy construction .",2,3,31
a beautifully made piece of unwatchable drivel .,2,4,7
few films capture so perfectly the hopes and dreams of little boys on baseball fields as well as the grown men who sit in the stands .,4,3,26
"the lower your expectations , the more you 'll enjoy it .",1,3,10
this is it .,2,4,3
that 's pure pr hype .,1,4,5
it is great summer fun to watch arnold and his buddy gerald bounce off a quirky cast of characters .,3,4,19
one of the more intelligent children 's movies to hit theaters this year .,4,3,13
"for the most part , director anne-sophie birot 's first feature is a sensitive , extraordinarily well-acted drama .",4,3,16
it 's a beautiful madness .,3,4,5
"stealing harvard is evidence that the farrelly bros. -- peter and bobby -- and their brand of screen comedy are wheezing to an end , along with green 's half-hearted movie career .",0,4,31
harland williams is so funny in drag he should consider permanent sex-reassignment .,2,4,12
a giggle-inducing comedy with snappy dialogue and winning performances by an unlikely team of oscar-winners : susan sarandon and goldie hawn .,3,4,20
"the words , ` frankly , my dear , i do n't give a damn , ' have never been more appropriate .",0,1,16
"by getting myself wrapped up in the visuals and eccentricities of many of the characters , i found myself confused when it came time to get to the heart of the movie .",1,2,31
his healthy sense of satire is light and fun ...,3,0,10
` a ' for creativity but comes across more as a sketch for a full-length comedy .,2,1,14
"it moves quickly , adroitly , and without fuss ; it does n't give you time to reflect on the inanity -- and the cold war datedness -- of its premise .",3,1,28
part low rent godfather .,1,3,4
or emptying rat traps .,1,2,4
"it 's a trifle of a movie , with a few laughs surrounding an unremarkable soft center .",2,1,16
"offers much to enjoy ... and a lot to mull over in terms of love , loyalty and the nature of staying friends .",3,4,22
"in execution , this clever idea is far less funny than the original , killers from space .",1,2,15
"walter hill 's pulpy , stylized boxing melodrama undisputed nearly overcomes its questionable in-the-ring match-up with solid fight choreography and gritty prison authenticity .",2,3,22
"full of witless jokes , dealing in broad stereotypes and outrageously unbelievable scenarios , and saddled with a general air of misogyny",2,1,20
"this is not the undisputed worst boxing movie ever , but it 's certainly not a champion - the big loser is the audience .",0,2,22
"it 's another stale , kill-by-numbers flick , complete with blade-thin characters and terrible , pun-laden dialogue .",1,0,14
"one of those pictures whose promising , if rather precious , premise is undercut by amateurish execution .",1,0,15
"nothing 's at stake , just a twisty double-cross you can smell a mile away -- still , the derivative nine queens is lots of fun .",3,2,24
"drops you into a dizzying , volatile , pressure-cooker of a situation that quickly snowballs out of control , while focusing on the what much more than the why .",3,1,26
"a muckraking job , the cinematic equivalent of a legal indictment , and a fairly effective one at that .",2,3,17
"a delectable and intriguing thriller filled with surprises , read my lips is an original .",4,3,14
"it does n't believe in itself , it has no sense of humor ... it 's just plain bored .",0,1,18
it seems to me the film is about the art of ripping people off without ever letting them consciously know you have done so,1,3,24
jacquot 's rendering of puccini 's tale of devotion and double-cross is more than just a filmed opera .,2,3,18
the story and the friendship proceeds in such a way that you 're watching a soap opera rather than a chronicle of the ups and downs that accompany lifelong friendships .,1,0,30
"uses sharp humor and insight into human nature to examine class conflict , adolescent yearning , the roots of friendship and sexual identity .",4,3,21
i thought my own watch had stopped keeping time as i slogged my way through clockstoppers .,1,0,16
"-lrb- serry -rrb- wants to blend politics and drama , an admirable ambition .",3,1,12
"with tightly organized efficiency , numerous flashbacks and a constant edge of tension , miller 's film is one of 2002 's involvingly adult surprises .",3,4,23
"aside from minor tinkering , this is the same movie you probably loved in 1994 , except that it looks even better .",3,1,20
"by candidly detailing the politics involved in the creation of an extraordinary piece of music , -lrb- jones -rrb- calls our attention to the inherent conflict between commerce and creativity .",3,4,29
"because of an unnecessary and clumsy last scene , ` swimfan ' left me with a very bad feeling .",1,0,16
"exciting and direct , with ghost imagery that shows just enough to keep us on our toes .",3,4,16
a superbly acted and funny\/gritty fable of the humanizing of one woman at the hands of the unseen forces of fate .,3,4,21
the movie 's relatively simple plot and uncomplicated morality play well with the affable cast .,3,1,15
"in a way , the film feels like a breath of fresh air , but only to those that allow it in .",4,3,20
"green might want to hang onto that ski mask , as robbery may be the only way to pay for his next project .",0,2,22
the socio-histo-political treatise is told in earnest strides ... -lrb- and -rrb- personal illusion is deconstructed with poignancy .,3,4,18
a beguiling splash of pastel colors and prankish comedy from disney .,4,3,11
"based on a devilishly witty script by heather mcgowan and niels mueller , the film gets great laughs , but never at the expense of its characters",4,1,25
"the format gets used best ... to capture the dizzying heights achieved by motocross and bmx riders , whose balletic hotdogging occasionally ends in bone-crushing screwups .",3,4,25
this surreal gilliam-esque film is also a troubling interpretation of ecclesiastes .,3,4,11
you wonder why enough was n't just a music video rather than a full-length movie .,1,0,15
funny but perilously slight .,3,2,4
"in the end , we are left with something like two ships passing in the night rather than any insights into gay love , chinese society or the price one pays for being dishonest .",1,2,32
makes even the claustrophobic on-board quarters seem fun .,2,3,8
"this is wild surreal stuff , but brilliant and the camera just kind of sits there and lets you look at this and its like you 're going from one room to the next and none of them have any relation to the other .",4,1,43
"while it regards 1967 as the key turning point of the 20th century , and returns again and again to images of dissidents in the streets , it 's alarmingly current .",2,4,29
fresnadillo 's dark and jolting images have a way of plying into your subconscious like the nightmare you had a week ago that wo n't go away .,3,2,27
"pumpkin takes an admirable look at the hypocrisy of political correctness , but it does so with such an uneven tone that you never know when humor ends and tragedy begins .",1,3,30
"in spite of good housekeeping 's unsavory characters and wwf mentality , this white trash war of the roses is a surprisingly engaging film .",2,3,23
more maudlin than sharp .,2,1,4
"outer-space buffs might love this film , but others will find its pleasures intermittent .",1,2,13
rarely has so much money delivered so little entertainment .,1,0,9
"van wilder does n't bring anything new to the proverbial table , but it does possess a coherence absent in recent crass-a-thons like tomcats , freddy got fingered , and slackers .",2,1,28
"so , too , is this comedy about mild culture clashing in today 's new delhi .",3,2,14
blanchett 's performance confirms her power once again .,4,2,8
this is nothing but familiar territory .,2,1,6
"this is a winning ensemble comedy that shows canadians can put gentle laughs and equally gentle sentiments on the button , just as easily as their counterparts anywhere else in the world .",4,3,31
"while the ideas about techno-saturation are far from novel , they 're presented with a wry dark humor .",4,2,17
the iditarod lasts for days - this just felt like it did .,0,2,11
"the volatile dynamics of female friendship is the subject of this unhurried , low-key film that is so off-hollywood that it seems positively french in its rhythms and resonance .",3,0,28
"this movie is something of an impostor itself , stretching and padding its material in a blur of dead ends and distracting camera work .",0,1,23
"sticky sweet sentimentality , clumsy plotting and a rosily myopic view of life in the wwii-era mississippi delta undermine this adaptation .",0,3,20
a film about a young man finding god that is accessible and touching to the marrow .,3,4,16
"although the level of the comedy declines as the movie proceeds , there 's no denying the fun of watching de niro and crystal having fun .",2,1,25
it 's hard to imagine alan arkin being better than he is in this performance .,3,0,15
a romantic comedy enriched by a sharp eye for manners and mores .,4,3,12
a touch of humor or an unexpected plot twist always pulls it back .,2,4,13
nothing in waking up in reno ever inspired me to think of its inhabitants as anything more than markers in a screenplay .,0,1,22
"although occasionally static to the point of resembling a stage play , the film delivers a solid mixture of sweetness and laughs .",2,3,21
"hoffman notches in the nuances of pain , but his smart , edgy voice and waddling profile -lrb- emphasized here -rrb- accent the humor of wilson 's plight , and that saves his pathos from drippiness .",2,3,33
too much of it feels unfocused and underdeveloped .,0,1,8
`` roger michell -lrb- '' notting hill `` -rrb- directs a morality thriller . '',2,1,14
"unfortunately , it 's not silly fun unless you enjoy really bad movies .",0,1,12
"in the end , the movie collapses on its shaky foundation despite the best efforts of director joe carnahan .",0,2,18
cq 's reflection of artists and the love of cinema-and-self suggests nothing less than a new voice that deserves to be considered as a possible successor to the best european directors .,3,4,31
jones ... does offer a brutal form of charisma .,3,4,9
not an objectionable or dull film ; it merely lacks everything except good intentions .,0,1,13
"it 's mighty tedious for the viewer who has to contend with unpleasant characters , hit-and-miss performances and awkwardly staged scenes .",2,0,20
"the lion king was a roaring success when it was released eight years ago , but on imax it seems better , not just bigger .",3,1,23
"kinnear does n't aim for our sympathy , but rather delivers a performance of striking skill and depth .",3,4,17
"is the time really ripe for a warmed-over james bond adventure , with a village idiot as the 007 clone ?",1,2,20
"wince-inducing dialogue , thrift-shop costumes , prosthetic makeup by silly putty and kmart blue-light-special effects all conspire to test trekkie loyalty .",0,1,19
this is a train wreck of an action film -- a stupefying attempt by the filmmakers to force-feed james bond into the mindless xxx mold and throw 40 years of cinematic history down the toilet in favor of bright flashes and loud bangs .,1,0,43
"harrison 's flowers puts its heart in the right place , but its brains are in no particular place at all .",3,1,20
it 's a work by an artist so in control of both his medium and his message that he can improvise like a jazzman .,3,4,24
no screen fantasy-adventure in recent memory has the showmanship of clones ' last 45 minutes .,4,0,14
"building slowly and subtly , the film , sporting a breezy spontaneity and realistically drawn characterizations , develops into a significant character study that is both moving and wise .",3,4,26
it 's hard to know whether or not to recommend this film because for every thing it does right there 's at least one and occasionally two things it gets ever so wrong .,2,1,33
this movie seems to have been written using mad-libs .,1,0,9
"thanks to haynes ' absolute control of the film 's mood , and buoyed by three terrific performances , far from heaven actually pulls off this stylistic juggling act .",3,4,26
beneath clouds is a succinct low-budget film whose compelling characters and intelligent script are exactly what was missing from rabbit-proof fence .,2,3,21
a movie that hovers somewhere between an acute character study and a trite power struggle .,2,3,15
there has always been something likable about the marquis de sade .,3,0,11
"in exactly 89 minutes , most of which passed as slowly as if i 'd been sitting naked on an igloo , formula 51 sank from quirky to jerky to utter turkey .",0,1,30
"care deftly captures the wonder and menace of growing up , but he never really embraces the joy of fuhrman 's destructive escapism or the grace-in-rebellion found by his characters .",1,3,29
i can take infantile humor ... but this is the sort of infantile that makes you wonder about changing the director and writer 's diapers .,1,0,25
a working class `` us vs. them '' opera that leaves no heartstring untugged and no liberal cause unplundered .,3,1,19
so refreshingly incisive is grant that for the first time he 'll probably appeal more to guys than to their girlfriends who drag them to this movie for the hugh factor .,3,2,31
"with the exception of some fleetingly amusing improvisations by cedric the entertainer as perry 's boss , there is n't a redeeming moment here .",0,1,23
"the vivid lead performances sustain interest and empathy , but the journey is far more interesting than the final destination .",3,1,19
"martin and barbara are complex characters -- sometimes tender , sometimes angry -- and the delicate performances by sven wollter and viveka seldahl make their hopes and frustrations vivid .",4,3,28
"all that 's missing is the spontaneity , originality and delight .",1,4,10
"it has the ability to offend and put off everyone , but it holds you with its outrageousness .",2,3,17
it confirms fincher 's status as a film maker who artfully bends technical know-how to the service of psychological insight .,4,2,20
"this is as respectful a film as byatt fans could hope for , though lovers of the book may wonder why it 's necessary .",2,3,23
if this story must be told and retold -- and indeed it must -- then the grey zone is to be lauded for finding a new and ingenious angle .,2,4,29
"good film , but very glum .",3,2,5
"nine queens is not only than a frighteningly capable debut and genre piece , but also a snapshot of a dangerous political situation on the verge of coming to a head .",4,2,30
"when the film ended , i felt tired and drained and wanted to lie on my own deathbed for a while .",0,3,20
the plot convolutions ultimately add up to nothing more than jerking the audience 's chain .,0,1,15
-lrb- d -rrb- oes n't bother being as cloying or preachy as equivalent evangelical christian movies -- maybe the filmmakers know that the likely audience will already be among the faithful .,3,2,31
it 's a coming-of-age story we 've all seen bits of in other films -- but it 's rarely been told with such affecting grace and cultural specificity .,2,4,28
they takes a long time to get to its gasp-inducing ending .,2,1,11
"a morose little soap opera about three vapid , insensitive people who take turns hurting each other .",2,1,16
this nickleby thing might have more homosexual undertones than an eddie murphy film .,1,0,13
a marvel like none you 've seen .,3,1,7
the affectionate loopiness that once seemed congenital to demme 's perspective has a tough time emerging from between the badly dated cutesy-pie mystery scenario and the newfangled hollywood post-production effects .,0,4,30
manages to be sweet and wickedly satisfying at the same time .,4,3,11
"determined to be fun , and bouncy , with energetic musicals , the humor did n't quite engage this adult .",1,4,17
"the last 20 minutes are somewhat redeeming , but most of the movie is the same teenage american road-trip drek we 've seen before - only this time you have to read the fart jokes",1,2,33
serving sara does n't serve up a whole lot of laughs .,1,0,11
"ah yes , and then there 's the music ...",2,0,9
"with rabbit-proof fence , noyce has tailored an epic tale into a lean , economical movie .",3,2,14
a stunning and overwhelmingly cogent case for kissinger as a calculating war criminal .,2,4,13
even horror fans will most likely not find what they 're seeking with trouble every day ; the movie lacks both thrills and humor .,0,1,23
"the messages of compassion and mercy are clearly , squarely and specifically expounded via computer animated old testament tale of jonah and the whale .",2,3,23
"add yet another hat to a talented head , clooney 's a good director .",4,3,13
as unseemly as its title suggests .,3,1,6
"the movie is n't just hilarious : it 's witty and inventive , too , and in hindsight , it is n't even all that dumb .",4,1,22
"-lrb- lawrence bounces -rrb- all over the stage , dancing , running , sweating , mopping his face and generally displaying the wacky talent that brought him fame in the first place .",3,1,28
"as befits its title , this pg-13-rated piffle is ultimately as threatening as the snuggle fabric softener bear .",2,1,17
"unlike the speedy wham-bam effect of most hollywood offerings , character development -- and more importantly , character empathy -- is at the heart of italian for beginners .",4,3,26
a workshop mentality prevails .,2,1,4
this remake gets all there is to get out of a peculiar premise with promise : al pacino loathing robin williams .,2,1,20
"writer-director 's mehta 's effort has tons of charm and the whimsy is in the mixture , the intoxicating masala , of cultures and film genres .",4,3,24
"it 's not original , and , robbed of the element of surprise , it does n't have any huge laughs in its story of irresponsible cops who love to play pranks .",1,0,29
"this re-do is so dumb and so exploitative in its violence that , ironically , it becomes everything that the rather clumsy original was railing against .",0,1,24
to call the other side of heaven `` appalling '' would be to underestimate just how dangerous entertainments like it can be .,1,2,22
"the actors are appealing , but elysian fields is idiotic and absurdly sentimental .",2,3,12
"it has charm to spare , and unlike many romantic comedies , it does not alienate either gender in the audience .",3,4,19
a great ensemble cast ca n't lift this heartfelt enterprise out of the familiar .,0,3,14
lapaglia 's ability to convey grief and hope works with weaver 's sensitive reactions to make this a two-actor master class .,3,4,21
my thoughts were focused on the characters .,3,0,7
should have been someone else -,1,0,5
"it feels like an after-school special gussied up with some fancy special effects , and watching its rote plot points connect is about as exciting as gazing at an egg timer for 93 minutes .",0,1,33
indifferently implausible popcorn programmer of a movie .,1,2,7
it 's fascinating to see how bettany and mcdowell play off each other .,3,1,13
teen movies have really hit the skids .,1,3,7
"i felt sad for lise not so much because of what happens as because she was captured by this movie when she obviously belongs in something lighter and sunnier , by rohmer , for example .",2,1,33
"stephen rea , aidan quinn , and alan bates play desmond 's legal eagles , and when joined by brosnan , the sight of this grandiloquent quartet lolling in pretty irish settings is a pleasant enough thing , ` tis .",4,3,34
"even on those rare occasions when the narrator stops yammering , miller 's hand often feels unsure .",1,3,16
"every time you look , sweet home alabama is taking another bummer of a wrong turn .",1,2,15
"it gets onto the screen just about as much of the novella as one could reasonably expect , and is engrossing and moving in its own right .",3,4,26
"i 'm sure if you 're a hartley fan , you might enjoy yourself ... me , i did n't care for it .",2,1,21
"no sophomore slump for director sam mendes , who segues from oscar winner to oscar-winning potential with a smooth sleight of hand .",4,1,21
"even if you do n't think -lrb- kissinger 's -rrb- any more guilty of criminal activity than most contemporary statesmen , he 'd sure make a courtroom trial great fun to watch .",3,2,31
"... a story we have n't seen on the big screen before , and it 's a story that we as americans , and human beings , should know .",3,4,26
"irwin is a man with enough charisma and audacity to carry a dozen films , but this particular result is ultimately held back from being something greater .",1,3,26
the film 's few ideas are stretched to the point of evaporation ; the whole central section is one big chase that seems to have no goal and no urgency .,0,1,29
"scorsese at his best makes gangster films that are equally lovely but also relentlessly brutal and brutally intelligent ; perdition , meanwhile , reads more like driving miss daisy than goodfellas .",2,4,28
"though perry and hurley make inspiring efforts to breathe life into the disjointed , haphazard script by jay scherick and david ronn , neither the actors nor director reginald hudlin can make it more than fitfully entertaining .",1,0,35
"woody allen 's latest is an ambling , broad comedy about all there is to love -- and hate -- about the movie biz .",3,4,23
"there 's too much falseness to the second half , and what began as an intriguing look at youth fizzles into a dull , ridiculous attempt at heart-tugging .",1,0,26
at all .,2,1,2
there can be no other explanation .,2,1,6
"by the time we learn that andrew 's turnabout is fair play is every bit as awful as borchardt 's coven , we can enjoy it anyway .",2,1,26
attempts by this ensemble film to impart a message are so heavy-handed that they instead pummel the audience .,1,0,18
"bleakly funny , its characters all the more touching for refusing to pity or memorialize themselves .",3,1,15
"it is amusing , and that 's all it needs to be .",4,1,11
what time is it there ?,2,3,6
the characters are interesting and often very creatively constructed from figure to backstory .,4,3,13
a taut psychological thriller that does n't waste a moment of its two-hour running time .,3,0,15
michael gerbosi 's script is economically packed with telling scenes .,4,1,10
what was once original has been co-opted so frequently that it now seems pedestrian .,1,0,14
"at a time when half the so-called real movies are little more than live-action cartoons , it 's refreshing to see a cartoon that knows what it is , and knows the form 's history .",4,3,33
"at the very least , if you do n't know anything about derrida when you walk into the theater , you wo n't know much more when you leave .",1,2,27
"partway through watching this saccharine , easter-egg-colored concoction , you realize that it is made up of three episodes of a rejected tv show .",0,1,22
"bennett 's naturalistic performance speaks volumes more truth than any ` reality ' show , and anybody contemplating their own drastic life changes should watch some body first .",4,3,25
"jose campanella delivers a loosely autobiographical story brushed with sentimentality but brimming with gentle humor , bittersweet pathos , and lyric moments that linger like snapshots of memory .",4,3,26
"... mafia , rap stars and hood rats butt their ugly heads in a regurgitation of cinematic violence that gives brutal birth to an unlikely , but likable , hero . '",3,0,27
montias ... pumps a lot of energy into his nicely nuanced narrative and surrounds himself with a cast of quirky -- but not stereotyped -- street characters .,4,2,27
"slapstick buffoonery can tickle many a preschooler 's fancy , but when it costs a family of four about $ 40 to see a film in theaters , why spend money on a dog like this when you can rent a pedigree instead ?",0,2,41
"his comedy premises are often hackneyed or just plain crude , calculated to provoke shocked laughter , without following up on a deeper level .",1,2,22
it 's so good that you can practically see the hollywood ` suits ' trying to put together the cast and filmmaking team for the all-too - inevitable american remake .,2,0,27
a delightful coming-of-age story .,3,4,4
binoche makes it interesting trying to find out .,4,3,8
"the humor is forced and heavy-handed , and occasionally simply unpleasant .",1,0,10
"a beguiling , slow-moving parable about the collision of past and present on a remote seacoast in iran .",2,3,17
kept aloft largely by a comically adept ensemble .,2,1,8
"the old-world - meets-new mesh is incarnated in the movie 's soundtrack , a joyful effusion of disco bollywood that , by the end of monsoon wedding , sent my spirit soaring out of the theater .",4,3,32
"as surreal as a dream and as detailed as a photograph , as visually dexterous as it is at times imaginatively overwhelming .",4,3,21
director uwe boll and the actors provide scant reason to care in this crude '70s throwback .,1,0,16
"claude chabrol has here a thriller without thrills , but that 's okay .",2,3,12
unflinchingly bleak and desperate,1,0,4
like mike is n't interested in recycling old cliches .,2,1,9
"it has the charm of the original american road movies , feasting on the gorgeous , ramshackle landscape of the filmmaker 's motherland .",3,2,21
"the film 's almost unbearable portrait of sadness and grief transcends its specific story to speak to the ways in which need , history and presumption tangle , and sometimes destroy , blood ties .",2,3,31
"no one goes unindicted here , which is probably for the best .",2,1,11
"creepy , authentic and dark .",2,3,4
"uncommonly stylish but equally silly ... the picture fails to generate much suspense , nor does it ask searching enough questions to justify its pretensions .",1,2,24
as vulgar as it is banal .,1,0,6
it uses the pain and violence of war as background material for color .,2,1,13
84 minutes of rolling musical back beat and supercharged cartoon warfare .,2,3,11
"what really makes it special is that it pulls us into its world , gives us a hero whose suffering and triumphs we can share , surrounds him with interesting characters and sends us out of the theater feeling we 've shared a great adventure .",4,3,43
"of course , by more objective measurements it 's still quite bad .",1,3,11
"for this reason and this reason only -- the power of its own steadfast , hoity-toity convictions -- chelsea walls deserves a medal .",3,1,22
"scores no points for originality , wit , or intelligence .",0,2,8
it 's a charming and often affecting journey .,4,3,8
nervous breakdowns are not entertaining .,1,2,5
"it 's one of those baseball pictures where the hero is stoic , the wife is patient , the kids are as cute as all get-out and the odds against success are long enough to intimidate , but short enough to make a dream seem possible .",3,1,43
"we know the plot 's a little crazy , but it held my interest from start to finish .",3,2,17
"lan yu is at times too restrained , yet there are moments it captures the erotics of intimacy in a way that makes most american love stories look downright unfree .",2,3,29
will amuse and provoke adventurous adults in specialty venues .,4,3,9
"another one of those estrogen overdose movies like `` divine secrets of the ya ya sisterhood , '' except that the writing , acting and character development are a lot better .",3,1,29
"byler reveals his characters in a way that intrigues and even fascinates us , and he never reduces the situation to simple melodrama .",3,1,22
it 's unnerving to see recoing 's bizzarre reaction to his unemployment .,2,3,12
"the humor is n't as sharp , the effects not as innovative , nor the story as imaginative as in the original .",0,1,20
"offers very little genuine romance and even fewer laughs ... a sad sitcom of a movie , largely devoid of charm .",1,0,20
"it haunts you , you ca n't forget it , you admire its conception and are able to resolve some of the confusions you had while watching it .",3,1,26
almost gags on its own gore .,0,2,6
"the film is quiet , threatening and unforgettable .",4,3,7
... the movie is just a plain old monster .,0,1,9
likely to expertly drum up repressed teenage memories in any viewer .,2,3,11
"sustains its dreamlike glide through a succession of cheesy coincidences and voluptuous cheap effects , not the least of which is rebecca romijn-stamos .",1,3,22
i 'll bet the video game is a lot more fun than the film .,1,2,14
every nanosecond of the the new guy reminds you that you could be doing something else far more pleasurable .,1,2,19
"minority report is exactly what the title indicates , a report .",3,0,10
"like mike is a winner for kids , and no doubt a winner for lil bow wow , who can now add movies to the list of things he does well .",4,1,29
confirms the nagging suspicion that ethan hawke would be even worse behind the camera than he is in front of it .,0,2,21
"-lrb- e -rrb- ventually , every idea in this film is flushed down the latrine of heroism .",1,0,16
"denis o'neill 's script avoids the prime sports cliche , a last-second goal to win the championship , but it neglects few others .",2,3,21
forgettable horror -- more gory than psychological -- with a highly satisfying quotient of friday-night excitement and milla power .,2,4,19
this riveting world war ii moral suspense story deals with the shadow side of american culture : racial prejudice in its ugly and diverse forms .,1,3,24
"first-time writer-director serry shows a remarkable gift for storytelling with this moving , effective little film .",3,4,15
"while it 's genuinely cool to hear characters talk about early rap records -lrb- sugar hill gang , etc. -rrb- , the constant referencing of hip-hop arcana can alienate even the savviest audiences .",1,3,31
-lrb- leigh -rrb- lays it on so thick this time that it feels like a suicide race .,2,1,17
"the far future may be awesome to consider , but from period detail to matters of the heart , this film is most transporting when it stays put in the past .",3,4,29
there 's no emotional pulse to solaris .,1,0,7
a cheerful enough but imminently forgettable rip-off of -lrb- besson 's -rrb- earlier work .,2,1,14
the best that can be said about the work here of scottish director ritchie ... is that he obviously does n't have his heart in it .,1,2,26
"does paint some memorable images ... , but makhmalbaf keeps her distance from the characters",3,2,14
"sometimes it feels as if it might have been made in the '70s or '80s , and starred chevy chase and goldie hawn .",2,0,22
"essentially an exceptionally well-written , well-edited , well-directed , well-acted , bald rip-off of aliens .",2,4,11
"having had the good sense to cast actors who are , generally speaking , adored by the movie-going public , khouri then gets terrific performances from them all .",4,2,25
a woman 's pic directed with resonance by ilya chaiken .,3,2,10
"mr. tsai is a very original artist in his medium , and what time is it there ?",4,3,17
the intent is almost exactly the same -lrb- as the full monty -rrb- .,2,1,13
"a lackluster , unessential sequel to the classic disney adaptation of j.m. barrie 's peter pan .",0,2,15
why make a documentary about these marginal historical figures ?,0,1,10
the idea of 49-year-old roberto benigni playing the wooden boy pinocchio is scary enough .,2,1,14
oh come on .,1,3,3
generally provides its target audience of youngsters enough stimulating eye and ear candy to make its moral medicine go down .,2,3,20
its well of thorn and vinegar -lrb- and simple humanity -rrb- has long been plundered by similar works featuring the insight and punch this picture so conspicuously lacks .,1,4,28
the notion that bombing buildings is the funniest thing in the world goes entirely unexamined in this startlingly unfunny comedy .,0,3,20
"and the lesson , in the end , is nothing new .",1,2,9
mom and dad can catch some quality naptime along the way .,2,1,11
slick piece of cross-promotion .,3,4,4
"deliriously funny , fast and loose , accessible to the uninitiated , and full of surprises",4,3,13
a literate presentation that wonderfully weaves a murderous event in 1873 with murderous rage in 2002 .,4,3,16
"for the first time in years , de niro digs deep emotionally , perhaps because he 's been stirred by the powerful work of his co-stars .",3,4,24
"while its careful pace and seemingly opaque story may not satisfy every moviegoer 's appetite , the film 's final scene is soaringly , transparently moving .",3,4,24
"if you 're hard up for raunchy college humor , this is your ticket right here .",3,1,15
"highbrow self-appointed guardians of culture need not apply , but those who loved cool as ice have at last found a worthy follow-up .",3,2,22
"once -lrb- kim -rrb- begins to overplay the shock tactics and bait-and-tackle metaphors , you may decide it 's too high a price to pay for a shimmering picture postcard .",1,2,29
"-lrb- t -rrb- his beguiling belgian fable , very much its own droll and delicate little film , has some touching things to say about what is important in life and why .",3,1,30
"too often , the viewer is n't reacting to humor so much as they are wincing back in repugnance .",0,1,18
"it 's a cookie-cutter movie , a cut-and-paste job .",1,4,8
"fun , flip and terribly hip bit of cinematic entertainment .",3,0,9
just one bad idea after another .,1,0,6
it 's a lovely film with lovely performances by buy and accorsi .,3,4,12
"the script kicks in , and mr. hartley 's distended pace and foot-dragging rhythms follow .",1,3,14
this is her blue lagoon .,2,4,5
a hamfisted romantic comedy that makes our girl the hapless facilitator of an extended cheap shot across the mason-dixon line .,1,4,20
remember the kind of movie we were hoping `` ecks vs. sever '' or `` xxx '' was going to be ?,2,1,22
it 's a buggy drag .,1,0,5
"i ca n't say that i liked homeboy ; it 'd be more accurate to say that i found it intriguing , bizarre , dogma-like in spots - and quite truthful , in its way .",2,3,30
a synthesis of cliches and absurdities that seems positively decadent in its cinematic flash and emptiness .,1,0,16
"like all abstract art , the film does not make this statement in an easily accessible way , and -- unless prewarned -- it would be very possible for a reasonably intelligent person to sit through its tidal wave of imagery and not get this vision at all .",2,0,46
manages to show life in all of its banality when the intention is quite the opposite .,1,3,16
"it 's about following your dreams , no matter what your parents think .",3,2,12
one from the heart .,3,4,4
"and when you 're talking about a slapstick comedy , that 's a pretty big problem .",0,2,15
ahhhh ... revenge is sweet !,3,2,6
"against all odds in heaven and hell , it creeped me out just fine .",3,4,13
"the entire movie is about a boring , sad man being boring and sad .",1,0,13
it 's one heck of a character study -- not of hearst or davies but of the unique relationship between them .,3,2,21
"as a tolerable diversion , the film suffices ; a triumph , however , it is not .",2,1,13
the structure the film takes may find matt damon and ben affleck once again looking for residuals as this officially completes a good will hunting trilogy that was never planned .,3,1,30
"whether writer-director anne fontaine 's film is a ghost story , an account of a nervous breakdown , a trip down memory lane , all three or none of the above , it is as seductive as it is haunting .",3,1,36
"the man from elysian fields is a cold , bliss-less work that groans along thinking itself some important comment on how life throws us some beguiling curves .",0,2,26
"one of the more irritating cartoons you will see this , or any , year .",0,4,13
basically a static series of semi-improvised -lrb- and semi-coherent -rrb- raps between the stars .,1,2,14
"for all its technical virtuosity , the film is so mired in juvenile and near-xenophobic pedagogy that it 's enough to make one pine for the day when godard can no longer handle the rigors of filmmaking .",0,1,36
"a very long movie , dull in stretches , with entirely too much focus on meal preparation and igloo construction .",0,1,18
"some of it is clever , but it is never melodic \/",2,1,11
"a big , gorgeous , sprawling swashbuckler that delivers its diversions in grand , uncomplicated fashion .",4,3,13
"although there are several truly jolting scares , there 's also an abundance of hackneyed dialogue and more silly satanic business than you can shake a severed limb at .",2,0,28
not nearly long enough .,2,1,4
"so much facile technique , such cute ideas , so little movie .",3,1,10
"chilling , well-acted , and finely directed : david jacobson 's dahmer .",3,2,9
columns from ladies home journal ...,2,3,6
a movie that successfully crushes a best selling novel into a timeframe that mandates that you avoid the godzilla sized soda .,3,4,21
"once the 50 year old benigni appears as the title character , we find ourselves longing for the block of wood to come back .",1,0,23
"on the bright side , it contains jesse ventura 's best work since the xfl .",2,4,14
"but taken as a stylish and energetic one-shot , the queen of the damned can not be said to suck .",3,2,19
at least one scene is so disgusting that viewers may be hard pressed to retain their lunch .,1,0,17
"the movie has an infectious exuberance that will engage anyone with a passing interest in the skate\/surf culture , the l.a. beach scene and the imaginative -lrb- and sometimes illegal -rrb- ways kids can make a playground out of the refuse of adults .",4,2,42
should be seen at the very least for its spasms of absurdist humor .,2,0,13
"much as we might be interested in gratuitous sexualization , haneke has a different objective in mind -- namely the implications of our craving for fake stimulation .",2,3,26
for aids and africa are nothing more than part of the scenery .,2,3,12
corpus collosum -- while undeniably interesting -- wore out its welcome well before the end credits rolled about 45 minutes in .,1,3,21
trademark american triteness and simplicity are tossed out the window with the intelligent french drama that deftly explores the difficult relationship between a father and son .,3,2,26
who needs love like this ?,2,1,6
"there 's really only one good idea in this movie , but the director runs with it and presents it with an unforgettable visual panache .",3,0,24
and that leaves a hole in the center of the salton sea .,1,3,12
"although jackson is doubtless reserving the darkest hours for the return of the king , we long for a greater sense of urgency in the here and now of the two towers .",2,3,31
director andrew niccol ... demonstrates a wry understanding of the quirks of fame .,3,4,13
"shaky close-ups of turkey-on-rolls , stubbly chins , liver spots , red noses and the filmmakers new bobbed do draw easy chuckles but lead nowhere .",1,2,22
"utterly lacking in charm , wit and invention , roberto benigni 's pinocchio is an astonishingly bad film .",1,0,16
what better message than ` love thyself ' could young women of any size receive ?,3,2,14
if you enjoy more thoughtful comedies with interesting conflicted characters ; this one is for you .,4,3,15
"may not have generated many sparks , but with his affection for astoria and its people he has given his tale a warm glow .",2,3,23
"it 's like every bad idea that 's ever gone into an after-school special compiled in one place , minus those daytime programs ' slickness and sophistication -lrb- and who knew they even had any ? -rrb- .",0,1,35
"prancing his way through the tailor-made part of a male hooker approaching the end of his vitality , jagger obviously relishes every self-mocking moment .",2,3,23
there 's not enough here to justify the almost two hours .,1,2,11
"although huppert 's intensity and focus has a raw exhilaration about it , the piano teacher is anything but fun .",1,4,19
"a gripping , searing portrait of a lost soul trying to find her way through life .",2,3,15
nothing is sacred in this gut-buster .,1,0,6
... nothing scary here except for some awful acting and lame special effects .,1,0,13
it made me want to wrench my eyes out of my head and toss them at the screen .,1,0,18
"but the power of these -lrb- subjects -rrb- is obscured by the majority of the film that shows a stationary camera on a subject that could be mistaken for giving a public oration , rather than contributing to a film 's narrative .",0,3,41
a delirious celebration of the female orgasm .,2,4,7
reign of fire looks as if it was made without much thought -- and is best watched that way .,3,2,19
"without the dark spookiness of crystal lake camp , the horror concept completely loses its creepy menace .",2,1,16
"a coda in every sense , the pinochet case splits time between a minute-by-minute account of the british court 's extradition chess game and the regime 's talking-head survivors .",4,1,28
like you could n't smell this turkey rotting from miles away .,0,1,11
involves two mysteries -- one it gives away and the other featuring such badly drawn characters that its outcome hardly matters .,0,2,21
"the plot combines the blues brothers and almost famous -lrb- but with bears , and a g rating -rrb- , with an excruciating dollop of disney sentimentality mixed in for good measure .",2,3,30
i 'd have to say the star and director are the big problems here .,1,3,14
"-lrb- director -rrb- o'fallon manages to put some lovely pictures up on the big screen , but his skill at telling a story -- he also contributed to the screenplay -- falls short .",0,3,32
the film serves as a valuable time capsule to remind us of the devastating horror suffered by an entire people .,2,1,20
"for all the writhing and wailing , tears , rage and opium overdoses , there 's no sense of actual passion being washed away in love 's dissolution .",1,2,25
"it believes it 's revealing some great human truths , when , in reality , it 's churning ground that has long passed the point of being fertile .",2,3,25
old-form moviemaking at its best .,4,2,5
a sometimes tedious film .,1,0,4
"whenever its story is n't bogged down by idiocy involving the cia and a lost u.s. satellite , hunter -- starring irwin and his american wife\/colleague , terri -- is a movie children should enjoy .",2,1,33
"a gorgeous , witty , seductive movie .",3,4,5
late marriage 's stiffness is unlikely to demonstrate the emotional clout to sweep u.s. viewers off their feet .,1,0,18
it all drags on so interminably it 's like watching a miserable relationship unfold in real time .,0,1,17
"the french are rather good at this kind of thing , unlike the americans , who have a passion for musketeers , only to spoof them .",2,1,23
"nasty , ugly , pointless and depressing , even if you hate clowns .",2,0,10
it wants to tweak them with a taste of tangy new humor .,3,1,12
which is n't to say that it 's the equal of some of its predecessors .,2,1,15
an unclassifiably awful study in self - and audience-abuse .,0,1,8
comes ... uncomfortably close to coasting in the treads of the bicycle thief .,1,2,13
you do n't have to know about music to appreciate the film 's easygoing blend of comedy and romance .,4,2,19
"if you 're a wwf fan , or you related to the people who watched the robots getting butchered in a.i. , you 'll probably like rollerball .",2,1,25
the film makes a fatal mistake : it asks us to care about a young man whose only apparent virtue is that he is not quite as unpleasant as some of the people in his life .,1,0,35
"expect the same-old , lame-old slasher nonsense , just with different scenery .",0,1,10
"the whole is quite entertaining , but despite its virtues , there is an unsettled feeling to the film .",2,3,17
the film 's snags and stumblings are more than compensated for by its wryly subversive tone .,2,1,16
barely gets off the ground .,2,0,5
"i still ca n't relate to stuart : he 's a mouse , for cryin ' out loud , and all he does is milk it with despondent eyes and whine that nobody treats him human enough .",2,3,33
stealing harvard aspires to comedic grand larceny but stands convicted of nothing more than petty theft of your time .,1,0,19
a movie with a real anarchic flair .,3,4,7
it 's one pussy-ass world when even killer-thrillers revolve around group therapy sessions .,0,3,13
"maneuvers skillfully through the plot 's hot brine -- until it 's undone by the sogginess of its contemporary characters , and actors .",2,1,22
a thinly veiled look at different aspects of chinese life clashing with each other .,2,3,14
"far more imaginative and ambitious than the trivial , cash-in features nickelodeon has made from its other animated tv series .",4,3,19
"pumpkin means to be an outrageous dark satire on fraternity life , but its ambitions far exceed the abilities of writer adam larson broder and his co-director , tony r. abrams , in their feature debut .",1,3,33
it 's too bad that the helping hand he uses to stir his ingredients is also a heavy one .,1,2,19
zhang ... has done an amazing job of getting realistic performances from his mainly nonprofessional cast .,3,4,16
pumpkin wants to have it both ways .,2,1,7
"gives you the steady pulse of life in a beautiful city viewed through the eyes of a character who , in spite of tragic loss and increasing decrepitude , knows in his bones that he is one of the luckiest men alive .",3,4,40
"-lrb- chaiken 's -rrb- talent lies in an evocative , accurate observation of a distinctive milieu and in the lively , convincing dialogue she creates for her characters .",3,4,26
"a psychological thriller with a genuinely spooky premise and an above-average cast , actor bill paxton 's directing debut is a creepy slice of gothic rural americana .",4,2,26
"it 's worth seeing just on the basis of the wisdom , and at times , the startling optimism , of the children .",3,4,20
"dragonfly has no atmosphere , no tension -- nothing but costner , flailing away .",0,1,12
"less dizzying than just dizzy , the jaunt is practically over before it begins .",1,0,13
intriguing documentary which is emotionally diluted by focusing on the story 's least interesting subject .,3,2,15
the son 's room is a triumph of gentility that earns its moments of pathos .,3,2,15
"a disappointment for those who love alternate versions of the bard , particularly ones that involve deep fryers and hamburgers .",1,3,19
"it 's clear the filmmakers were n't sure where they wanted their story to go , and even more clear that they lack the skills to get us to this undetermined destination .",1,0,31
"this time mr. burns is trying something in the martin scorsese street-realist mode , but his self-regarding sentimentality trips him up again .",1,2,21
manages to be both repulsively sadistic and mundane .,0,3,8
"a simple , but gritty and well-acted ensemble drama that encompasses a potent metaphor for a country still dealing with its fascist past .",4,3,22
"the film is beautifully mounted , but , more to the point , the issues are subtly presented , managing to walk a fine line with regard to the question of joan 's madness .",3,1,30
"this is an egotistical endeavor from the daughter of horror director dario argento -lrb- a producer here -rrb- , but her raw performance and utter fearlessness make it strangely magnetic .",3,4,29
there are some wonderfully fresh moments that smooth the moral stiffness with human kindness and hopefulness .,4,3,16
"an interesting story with a pertinent -lrb- cinematically unique -rrb- message , told fairly well and scored to perfection , i found myself struggling to put my finger on that elusive `` missing thing . ''",3,4,33
"weaves a spell over you , with its disturbingly close-up look at damaged psyches and its subtle undercurrents of danger .",2,3,19
a momentary escape from the summer heat and the sedentary doldrums that set in at this time of year .,2,3,19
the talented and clever robert rodriguez perhaps put a little too much heart into his first film and did n't reserve enough for his second .,1,3,25
hilariously inept and ridiculous .,3,0,4
"vera 's three actors -- moll√† , gil and bardem -- excel in insightful , empathetic performances .",4,3,15
"for close to two hours the audience is forced to endure three terminally depressed , mostly inarticulate , hyper dysfunctional families for the price of one .",1,0,24
"good car chases , great fight scenes , and a distinctive blend of european , american and asian influences .",3,4,16
the performances take the movie to a higher level .,4,3,9
"some of their jokes work , but most fail miserably and in the end , pumpkin is far more offensive than it is funny .",1,2,22
chokes on its own depiction of upper-crust decorum .,1,2,8
"would n't one about their famous dad , author of death in venice , etc. , be more valuable ?",2,1,17
"despite impeccable acting ... and a script that takes some rather unexpected -lrb- even , at times , preposterous -rrb- turns , love is just too , too precious in the end .",2,0,28
collateral damage finally delivers the goods for schwarzenegger fans .,3,2,9
part three stooges .,2,3,3
"still , as a visual treat , the film is almost unsurpassed .",4,3,10
"his last movie was poetically romantic and full of indelible images , but his latest has nothing going for it .",0,1,19
"complete lack of originality , cleverness or even visible effort",1,0,9
"while it 's nice to watch a movie that has n't been focus-grouped into tedium , yu 's cinematic alchemy produces nearly as much lead as gold .",2,1,26
"returning aggressively to his formula of dimwitted comedy and even dimmer characters , sandler , who also executive produces , has made a film that makes previous vehicles look smart and sassy .",2,3,29
zaidan 's script has barely enough plot to string the stunts together and not quite enough characterization to keep the faces straight .,1,3,22
"not only are the special effects and narrative flow much improved , and daniel radcliffe more emotionally assertive this time around as harry , but the film conjures the magic of author j.k. rowling 's books .",4,1,34
"the best revenge may just be living well because this film , unlike other dumas adaptations , is far more likened to a treasure than a lengthy jail sentence .",3,4,27
"the film is a contrivance , as artificial as the video games japanese teens play in a nightclub sequence , but it 's an enjoyable one .",2,3,24
"if the count of monte cristo does n't transform caviezel into a movie star , then the game is even more rigged than it was two centuries ago .",2,1,27
jaglom ... put -lrb- s -rrb- the audience in the privileged position of eavesdropping on his characters,3,1,17
"one of creepiest , scariest movies to come along in a long , long time , easily rivaling blair witch or the others .",3,2,20
"the so-inept - it 's - surreal dubbing -lrb- featuring the voices of glenn close , regis philbin and breckin meyer -rrb- brings back memories of cheesy old godzilla flicks .",0,3,27
it 's everything you do n't go to the movies for .,0,2,11
"mattei is tiresomely grave and long-winded , as if circularity itself indicated profundity .",0,1,12
"the twist that ends the movie is the one with the most emotional resonance , but twists are getting irritating , and this is the kind of material where the filmmakers should be very careful about raising eyebrows .",2,1,36
a compelling spanish film about the withering effects of jealousy in the life of a young monarch whose sexual passion for her husband becomes an obsession .,3,4,26
"there 's something auspicious , and daring , too , about the artistic instinct that pushes a majority-oriented director like steven spielberg to follow a.i. with this challenging report so liable to unnerve the majority .",3,2,32
"whereas last year 's exemplary sexy beast seemed to revitalize the british gangster movie , this equally brutal outing merely sustains it .",2,4,21
bad .,1,0,1
an intriguing cinematic omnibus and round-robin that occasionally is more interesting in concept than in execution .,3,2,16
"it 's sweet , harmless , dumb , occasionally funny and about as compelling as a fishing show .",2,3,15
the subtle strength of `` elling '' is that it never loses touch with the reality of the grim situation .,3,2,20
"an unpredictable blend of gal-pal smart talk , romantic comedy and dark tragedy that bites off considerably more than writer\/director john mckay can swallow .",2,3,23
"a spellbinding african film about the modern condition of rootlessness , a state experienced by millions around the globe .",4,3,18
"a cartoon that 's truly cinematic in scope , and a story that 's compelling and heartfelt -- even if the heart belongs to a big , four-legged herbivore .",3,4,27
"an operatic , sprawling picture that 's entertainingly acted , magnificently shot and gripping enough to sustain most of its 170-minute length .",3,4,20
"i 've always dreamed of attending cannes , but after seeing this film , it 's not that big a deal .",1,2,19
and i 've decided to leave a light on every night from now on .,2,3,14
"the stripped-down approach does give the film a certain timeless quality , but the measured pace and lack of dramatic inflection can also seem tedious .",2,0,24
it conveys a simple message in a visual style that is willfully overwrought .,2,1,13
rarely has leukemia looked so shimmering and benign .,1,0,8
we have n't seen such hilarity since say it is n't so !,4,1,13
how do you spell clich√© ?,0,2,6
"manages to be somewhat well-acted , not badly art-directed and utterly unengaging no matter how hard it tries to be thrilling , touching or , yikes , uproarious .",2,3,24
the only excitement comes when the credits finally roll and you get to leave the theater .,0,1,16
"maud and roland 's search for an unknowable past makes for a haunting literary detective story , but labute pulls off a neater trick in possession : he makes language sexy .",4,3,29
just an average comedic dateflick but not a waste of time .,2,1,11
vera 's technical prowess ends up selling his film short ; he smoothes over hard truths even as he uncovers them .,1,2,20
"a ragbag of promising ideas and failed narrative , of good acting and plain old bad filmmaking .",2,0,16
"if i had been thinking about the visual medium , they would have been doing something wrong .",2,1,16
a sequence of ridiculous shoot - 'em - up scenes .,1,2,8
it seems like i have been waiting my whole life for this movie and now i ca n't wait for the sequel .,3,0,22
"liotta put on 30 pounds for the role , and has completely transformed himself from his smooth , goodfellas image .",3,2,18
"passable entertainment , but it 's the kind of motion picture that wo n't make much of a splash when it 's released , and will not be remembered long afterwards .",1,2,29
"the movie is for fans who ca n't stop loving anime , and the fanatical excess built into it .",2,1,18
a sober and affecting chronicle of the leveling effect of loss .,2,3,11
"it 's dumb , but more importantly , it 's just not scary .",0,1,11
"a study in shades of gray , offering itself up in subtle plot maneuvers ...",3,1,14
"ruzowitzky has taken this mothball-y stuff and made a rather sturdy , old-fashioned entertainment out of it .",2,3,16
"the tale of tok -lrb- andy lau -rrb- , a sleek sociopath on the trail of o -lrb- takashi sorimachi -rrb- , the most legendary of asian hitmen , is too scattershot to take hold .",1,3,32
something like scrubbing the toilet .,1,2,5
"smart , provocative and blisteringly funny .",3,4,5
"charles ' entertaining film chronicles seinfeld 's return to stand-up comedy after the wrap of his legendary sitcom , alongside wannabe comic adams ' attempts to get his shot at the big time .",3,2,30
"an effectively creepy , fear-inducing -lrb- not fear-reducing -rrb- film from japanese director hideo nakata , who takes the superstitious curse on chain letters and actually applies it .",4,3,26
